story_id,user_id,rating,publication_year,title,timestamp
1,189,3,2019,aarjavajeevulu,2025
1,177,1,2019,aarjavajeevulu,2019
1,98,5,2019,aarjavajeevulu,2024
1,155,1,2019,aarjavajeevulu,2025
1,187,1,2019,aarjavajeevulu,2023
1,166,3,2019,aarjavajeevulu,2022
1,105,4,2019,aarjavajeevulu,2023
1,146,2,2019,aarjavajeevulu,2025
1,28,3,2019,aarjavajeevulu,2023
1,44,1,2019,aarjavajeevulu,2024
1,27,4,2019,aarjavajeevulu,2021
1,45,1,2019,aarjavajeevulu,2021
1,56,4,2019,aarjavajeevulu,2023
1,8,3,2019,aarjavajeevulu,2021
1,73,2,2019,aarjavajeevulu,2020
1,168,5,2019,aarjavajeevulu,2022
1,17,3,2019,aarjavajeevulu,2024
1,135,1,2019,aarjavajeevulu,2023
1,63,3,2019,aarjavajeevulu,2021
1,182,3,2019,aarjavajeevulu,2024
1,24,4,2019,aarjavajeevulu,2024
1,123,3,2019,aarjavajeevulu,2025
1,26,4,2019,aarjavajeevulu,2019
1,79,3,2019,aarjavajeevulu,2021
1,138,4,2019,aarjavajeevulu,2023
1,71,3,2019,aarjavajeevulu,2021
1,92,3,2019,aarjavajeevulu,2023
1,121,3,2019,aarjavajeevulu,2021
1,143,3,2019,aarjavajeevulu,2020
1,158,4,2019,aarjavajeevulu,2019
1,25,5,2019,aarjavajeevulu,2020
1,51,3,2019,aarjavajeevulu,2019
1,118,5,2019,aarjavajeevulu,2019
1,23,4,2019,aarjavajeevulu,2024
1,196,4,2019,aarjavajeevulu,2023
1,184,4,2019,aarjavajeevulu,2019
1,3,5,2019,aarjavajeevulu,2023
1,150,5,2019,aarjavajeevulu,2025
1,40,4,2019,aarjavajeevulu,2025
1,181,3,2019,aarjavajeevulu,2019
1,55,1,2019,aarjavajeevulu,2020
1,60,3,2019,aarjavajeevulu,2019
1,80,4,2019,aarjavajeevulu,2023
1,134,4,2019,aarjavajeevulu,2019
1,78,4,2019,aarjavajeevulu,2022
1,82,4,2019,aarjavajeevulu,2022
1,70,5,2019,aarjavajeevulu,2021
1,129,1,2019,aarjavajeevulu,2025
1,16,4,2019,aarjavajeevulu,2019
1,101,4,2019,aarjavajeevulu,2019
1,140,3,2019,aarjavajeevulu,2019
1,167,2,2019,aarjavajeevulu,2020
1,132,4,2019,aarjavajeevulu,2024
1,164,3,2019,aarjavajeevulu,2019
1,43,2,2019,aarjavajeevulu,2024
1,154,3,2019,aarjavajeevulu,2025
1,180,3,2019,aarjavajeevulu,2025
1,95,4,2019,aarjavajeevulu,2022
1,6,5,2019,aarjavajeevulu,2023
1,9,2,2019,aarjavajeevulu,2024
1,2,2,2019,aarjavajeevulu,2021
1,35,2,2019,aarjavajeevulu,2021
1,11,3,2019,aarjavajeevulu,2020
1,160,3,2019,aarjavajeevulu,2025
1,14,3,2019,aarjavajeevulu,2019
1,49,2,2019,aarjavajeevulu,2020
1,120,2,2019,aarjavajeevulu,2022
1,97,3,2019,aarjavajeevulu,2023
1,125,3,2019,aarjavajeevulu,2022
1,39,5,2019,aarjavajeevulu,2021
1,83,3,2019,aarjavajeevulu,2025
1,156,3,2019,aarjavajeevulu,2019
1,178,1,2019,aarjavajeevulu,2024
1,124,3,2019,aarjavajeevulu,2023
1,197,3,2019,aarjavajeevulu,2022
1,190,3,2019,aarjavajeevulu,2020
1,170,3,2019,aarjavajeevulu,2021
1,193,4,2019,aarjavajeevulu,2025
1,185,3,2019,aarjavajeevulu,2023
1,4,3,2019,aarjavajeevulu,2019
1,194,4,2019,aarjavajeevulu,2025
1,200,2,2019,aarjavajeevulu,2025
1,113,3,2019,aarjavajeevulu,2019
1,104,4,2019,aarjavajeevulu,2023
1,175,3,2019,aarjavajeevulu,2022
1,192,4,2019,aarjavajeevulu,2020
1,30,3,2019,aarjavajeevulu,2021
1,94,3,2019,aarjavajeevulu,2022
1,161,3,2019,aarjavajeevulu,2025
1,12,2,2019,aarjavajeevulu,2021
1,81,3,2019,aarjavajeevulu,2019
1,89,2,2019,aarjavajeevulu,2020
1,62,2,2019,aarjavajeevulu,2024
1,7,4,2019,aarjavajeevulu,2025
1,64,3,2019,aarjavajeevulu,2020
1,31,3,2019,aarjavajeevulu,2024
1,147,4,2019,aarjavajeevulu,2020
1,19,3,2019,aarjavajeevulu,2023
1,67,2,2019,aarjavajeevulu,2022
1,174,2,2019,aarjavajeevulu,2022
1,183,4,2019,aarjavajeevulu,2025
1,144,1,2019,aarjavajeevulu,2024
1,163,3,2019,aarjavajeevulu,2023
1,176,2,2019,aarjavajeevulu,2024
1,72,1,2019,aarjavajeevulu,2025
1,34,4,2019,aarjavajeevulu,2023
1,128,4,2019,aarjavajeevulu,2024
1,13,2,2019,aarjavajeevulu,2022
1,186,3,2019,aarjavajeevulu,2021
1,18,3,2019,aarjavajeevulu,2020
1,59,4,2019,aarjavajeevulu,2021
1,85,1,2019,aarjavajeevulu,2023
1,115,2,2019,aarjavajeevulu,2021
1,103,2,2019,aarjavajeevulu,2025
1,199,3,2019,aarjavajeevulu,2021
1,96,3,2019,aarjavajeevulu,2025
1,106,4,2019,aarjavajeevulu,2019
1,99,5,2019,aarjavajeevulu,2021
1,100,4,2019,aarjavajeevulu,2024
1,84,3,2019,aarjavajeevulu,2023
1,157,3,2019,aarjavajeevulu,2023
1,179,3,2019,aarjavajeevulu,2023
1,173,4,2019,aarjavajeevulu,2021
1,117,3,2019,aarjavajeevulu,2020
1,112,2,2019,aarjavajeevulu,2021
1,136,4,2019,aarjavajeevulu,2023
1,127,3,2019,aarjavajeevulu,2019
1,46,3,2019,aarjavajeevulu,2019
1,15,1,2019,aarjavajeevulu,2020
1,1,1,2019,aarjavajeevulu,2025
2,48,4,2017,abhaayaranyam lo amber,2018
2,199,1,2017,abhaayaranyam lo amber,2017
2,19,4,2017,abhaayaranyam lo amber,2024
2,93,3,2017,abhaayaranyam lo amber,2021
2,64,4,2017,abhaayaranyam lo amber,2021
2,22,4,2017,abhaayaranyam lo amber,2024
2,90,4,2017,abhaayaranyam lo amber,2022
2,38,4,2017,abhaayaranyam lo amber,2023
2,7,4,2017,abhaayaranyam lo amber,2021
2,75,4,2017,abhaayaranyam lo amber,2022
2,159,4,2017,abhaayaranyam lo amber,2020
2,42,3,2017,abhaayaranyam lo amber,2024
2,69,1,2017,abhaayaranyam lo amber,2019
2,28,2,2017,abhaayaranyam lo amber,2022
2,97,4,2017,abhaayaranyam lo amber,2021
2,70,2,2017,abhaayaranyam lo amber,2022
2,182,3,2017,abhaayaranyam lo amber,2017
2,79,4,2017,abhaayaranyam lo amber,2018
2,105,2,2017,abhaayaranyam lo amber,2021
2,193,3,2017,abhaayaranyam lo amber,2018
2,169,4,2017,abhaayaranyam lo amber,2017
2,118,1,2017,abhaayaranyam lo amber,2024
2,171,4,2017,abhaayaranyam lo amber,2022
2,6,5,2017,abhaayaranyam lo amber,2018
2,58,2,2017,abhaayaranyam lo amber,2019
2,89,4,2017,abhaayaranyam lo amber,2017
2,82,4,2017,abhaayaranyam lo amber,2024
2,107,3,2017,abhaayaranyam lo amber,2018
2,66,2,2017,abhaayaranyam lo amber,2018
2,177,1,2017,abhaayaranyam lo amber,2019
2,178,4,2017,abhaayaranyam lo amber,2017
2,55,5,2017,abhaayaranyam lo amber,2017
2,15,4,2017,abhaayaranyam lo amber,2020
2,158,2,2017,abhaayaranyam lo amber,2019
2,143,4,2017,abhaayaranyam lo amber,2023
2,137,3,2017,abhaayaranyam lo amber,2019
2,122,3,2017,abhaayaranyam lo amber,2017
2,196,2,2017,abhaayaranyam lo amber,2023
2,192,2,2017,abhaayaranyam lo amber,2024
2,194,5,2017,abhaayaranyam lo amber,2019
2,8,1,2017,abhaayaranyam lo amber,2018
2,76,1,2017,abhaayaranyam lo amber,2017
2,39,2,2017,abhaayaranyam lo amber,2018
2,2,3,2017,abhaayaranyam lo amber,2023
2,104,3,2017,abhaayaranyam lo amber,2021
2,72,2,2017,abhaayaranyam lo amber,2020
2,195,3,2017,abhaayaranyam lo amber,2022
2,21,4,2017,abhaayaranyam lo amber,2018
2,163,3,2017,abhaayaranyam lo amber,2020
2,85,2,2017,abhaayaranyam lo amber,2022
2,88,1,2017,abhaayaranyam lo amber,2023
2,35,2,2017,abhaayaranyam lo amber,2020
2,131,3,2017,abhaayaranyam lo amber,2022
2,81,4,2017,abhaayaranyam lo amber,2022
2,113,3,2017,abhaayaranyam lo amber,2024
2,102,4,2017,abhaayaranyam lo amber,2018
2,115,3,2017,abhaayaranyam lo amber,2023
2,165,4,2017,abhaayaranyam lo amber,2023
2,145,3,2017,abhaayaranyam lo amber,2023
2,65,2,2017,abhaayaranyam lo amber,2018
2,166,3,2017,abhaayaranyam lo amber,2017
2,153,3,2017,abhaayaranyam lo amber,2021
2,5,4,2017,abhaayaranyam lo amber,2024
2,53,1,2017,abhaayaranyam lo amber,2025
2,185,4,2017,abhaayaranyam lo amber,2019
2,162,3,2017,abhaayaranyam lo amber,2023
2,152,3,2017,abhaayaranyam lo amber,2020
2,62,4,2017,abhaayaranyam lo amber,2020
2,146,1,2017,abhaayaranyam lo amber,2021
2,99,4,2017,abhaayaranyam lo amber,2018
2,154,2,2017,abhaayaranyam lo amber,2024
2,87,4,2017,abhaayaranyam lo amber,2023
2,57,5,2017,abhaayaranyam lo amber,2018
2,29,4,2017,abhaayaranyam lo amber,2017
2,149,4,2017,abhaayaranyam lo amber,2022
2,173,4,2017,abhaayaranyam lo amber,2019
2,44,3,2017,abhaayaranyam lo amber,2020
2,130,2,2017,abhaayaranyam lo amber,2017
2,134,5,2017,abhaayaranyam lo amber,2018
2,74,4,2017,abhaayaranyam lo amber,2019
2,168,4,2017,abhaayaranyam lo amber,2020
2,198,5,2017,abhaayaranyam lo amber,2018
2,14,4,2017,abhaayaranyam lo amber,2024
2,139,3,2017,abhaayaranyam lo amber,2018
2,68,2,2017,abhaayaranyam lo amber,2022
2,94,1,2017,abhaayaranyam lo amber,2021
2,132,4,2017,abhaayaranyam lo amber,2019
2,43,3,2017,abhaayaranyam lo amber,2022
2,40,1,2017,abhaayaranyam lo amber,2017
2,108,5,2017,abhaayaranyam lo amber,2021
2,11,3,2017,abhaayaranyam lo amber,2023
2,33,4,2017,abhaayaranyam lo amber,2020
2,160,3,2017,abhaayaranyam lo amber,2019
2,36,4,2017,abhaayaranyam lo amber,2017
2,83,3,2017,abhaayaranyam lo amber,2020
2,3,3,2017,abhaayaranyam lo amber,2020
2,59,3,2017,abhaayaranyam lo amber,2019
2,197,3,2017,abhaayaranyam lo amber,2022
2,191,2,2017,abhaayaranyam lo amber,2025
2,176,4,2017,abhaayaranyam lo amber,2021
2,174,4,2017,abhaayaranyam lo amber,2017
2,156,3,2017,abhaayaranyam lo amber,2017
2,12,1,2017,abhaayaranyam lo amber,2017
2,26,5,2017,abhaayaranyam lo amber,2021
2,135,3,2017,abhaayaranyam lo amber,2019
2,187,2,2017,abhaayaranyam lo amber,2020
2,121,2,2017,abhaayaranyam lo amber,2024
2,120,4,2017,abhaayaranyam lo amber,2023
2,92,5,2017,abhaayaranyam lo amber,2023
2,110,4,2017,abhaayaranyam lo amber,2024
2,32,2,2017,abhaayaranyam lo amber,2020
2,52,5,2017,abhaayaranyam lo amber,2018
2,77,3,2017,abhaayaranyam lo amber,2024
2,51,4,2017,abhaayaranyam lo amber,2023
2,100,3,2017,abhaayaranyam lo amber,2024
2,49,5,2017,abhaayaranyam lo amber,2022
2,46,4,2017,abhaayaranyam lo amber,2019
2,45,4,2017,abhaayaranyam lo amber,2021
2,109,4,2017,abhaayaranyam lo amber,2017
2,180,4,2017,abhaayaranyam lo amber,2017
2,126,3,2017,abhaayaranyam lo amber,2019
2,144,2,2017,abhaayaranyam lo amber,2019
2,157,2,2017,abhaayaranyam lo amber,2019
2,186,3,2017,abhaayaranyam lo amber,2022
2,37,4,2017,abhaayaranyam lo amber,2024
2,18,2,2017,abhaayaranyam lo amber,2023
2,31,3,2017,abhaayaranyam lo amber,2021
2,142,3,2017,abhaayaranyam lo amber,2017
2,71,4,2017,abhaayaranyam lo amber,2022
2,200,2,2017,abhaayaranyam lo amber,2022
2,170,4,2017,abhaayaranyam lo amber,2019
2,189,5,2017,abhaayaranyam lo amber,2018
2,161,1,2017,abhaayaranyam lo amber,2023
2,80,2,2017,abhaayaranyam lo amber,2019
2,54,3,2017,abhaayaranyam lo amber,2020
2,27,2,2017,abhaayaranyam lo amber,2021
2,24,3,2017,abhaayaranyam lo amber,2024
2,133,3,2017,abhaayaranyam lo amber,2019
2,190,3,2017,abhaayaranyam lo amber,2018
2,60,4,2017,abhaayaranyam lo amber,2025
2,114,5,2017,abhaayaranyam lo amber,2020
2,25,1,2017,abhaayaranyam lo amber,2024
2,56,1,2017,abhaayaranyam lo amber,2025
2,1,3,2017,abhaayaranyam lo amber,2021
2,151,3,2017,abhaayaranyam lo amber,2022
2,147,1,2017,abhaayaranyam lo amber,2024
3,140,4,2005,bhutaddalu,2016
3,126,3,2005,bhutaddalu,2016
3,157,1,2005,bhutaddalu,2008
3,189,2,2005,bhutaddalu,2007
3,181,4,2005,bhutaddalu,2012
3,131,2,2005,bhutaddalu,2017
3,199,4,2005,bhutaddalu,2017
3,23,5,2005,bhutaddalu,2022
3,59,4,2005,bhutaddalu,2009
3,153,5,2005,bhutaddalu,2019
3,80,2,2005,bhutaddalu,2023
3,96,3,2005,bhutaddalu,2020
3,103,1,2005,bhutaddalu,2016
3,32,3,2005,bhutaddalu,2023
3,152,3,2005,bhutaddalu,2011
3,17,3,2005,bhutaddalu,2006
3,142,4,2005,bhutaddalu,2019
3,92,5,2005,bhutaddalu,2019
3,127,5,2005,bhutaddalu,2018
3,194,2,2005,bhutaddalu,2019
3,66,5,2005,bhutaddalu,2007
3,105,2,2005,bhutaddalu,2023
3,90,2,2005,bhutaddalu,2015
3,134,3,2005,bhutaddalu,2016
3,109,4,2005,bhutaddalu,2024
3,130,3,2005,bhutaddalu,2008
3,52,2,2005,bhutaddalu,2016
3,74,3,2005,bhutaddalu,2020
3,164,3,2005,bhutaddalu,2007
3,178,4,2005,bhutaddalu,2010
3,172,3,2005,bhutaddalu,2011
3,188,3,2005,bhutaddalu,2021
3,154,3,2005,bhutaddalu,2022
3,168,3,2005,bhutaddalu,2014
3,14,2,2005,bhutaddalu,2007
3,81,5,2005,bhutaddalu,2020
3,101,3,2005,bhutaddalu,2022
3,19,4,2005,bhutaddalu,2011
3,160,1,2005,bhutaddalu,2012
3,63,3,2005,bhutaddalu,2019
3,150,3,2005,bhutaddalu,2012
3,122,4,2005,bhutaddalu,2017
3,169,2,2005,bhutaddalu,2024
3,174,3,2005,bhutaddalu,2018
3,121,1,2005,bhutaddalu,2008
3,2,5,2005,bhutaddalu,2020
3,51,3,2005,bhutaddalu,2011
3,156,3,2005,bhutaddalu,2014
3,94,4,2005,bhutaddalu,2005
3,155,3,2005,bhutaddalu,2021
3,85,2,2005,bhutaddalu,2016
3,111,4,2005,bhutaddalu,2023
3,89,5,2005,bhutaddalu,2009
3,46,3,2005,bhutaddalu,2006
3,61,3,2005,bhutaddalu,2015
3,191,4,2005,bhutaddalu,2017
3,151,4,2005,bhutaddalu,2008
3,125,3,2005,bhutaddalu,2018
3,33,5,2005,bhutaddalu,2019
3,175,3,2005,bhutaddalu,2007
3,171,1,2005,bhutaddalu,2024
3,129,2,2005,bhutaddalu,2009
3,58,3,2005,bhutaddalu,2024
3,118,2,2005,bhutaddalu,2020
3,7,1,2005,bhutaddalu,2010
3,53,2,2005,bhutaddalu,2017
3,197,4,2005,bhutaddalu,2019
3,55,2,2005,bhutaddalu,2020
3,24,3,2005,bhutaddalu,2014
3,44,4,2005,bhutaddalu,2007
3,91,4,2005,bhutaddalu,2009
3,173,3,2005,bhutaddalu,2012
3,167,2,2005,bhutaddalu,2025
3,16,5,2005,bhutaddalu,2021
3,135,3,2005,bhutaddalu,2007
3,50,3,2005,bhutaddalu,2023
3,182,1,2005,bhutaddalu,2011
3,123,4,2005,bhutaddalu,2009
3,176,3,2005,bhutaddalu,2013
3,88,2,2005,bhutaddalu,2015
3,183,2,2005,bhutaddalu,2005
3,35,1,2005,bhutaddalu,2007
3,192,2,2005,bhutaddalu,2019
3,37,2,2005,bhutaddalu,2005
3,148,4,2005,bhutaddalu,2012
3,6,3,2005,bhutaddalu,2014
3,78,3,2005,bhutaddalu,2014
3,165,2,2005,bhutaddalu,2023
3,62,3,2005,bhutaddalu,2014
3,28,2,2005,bhutaddalu,2009
3,120,2,2005,bhutaddalu,2016
3,1,4,2005,bhutaddalu,2008
3,159,4,2005,bhutaddalu,2017
3,54,2,2005,bhutaddalu,2022
3,184,3,2005,bhutaddalu,2011
3,72,4,2005,bhutaddalu,2022
3,102,4,2005,bhutaddalu,2021
3,141,4,2005,bhutaddalu,2015
3,43,3,2005,bhutaddalu,2008
3,12,4,2005,bhutaddalu,2021
3,25,3,2005,bhutaddalu,2012
3,110,2,2005,bhutaddalu,2013
3,128,3,2005,bhutaddalu,2022
3,41,3,2005,bhutaddalu,2016
3,21,4,2005,bhutaddalu,2021
3,60,3,2005,bhutaddalu,2014
4,159,3,2006,dantOdantaM,2023
4,156,1,2006,dantOdantaM,2014
4,200,3,2006,dantOdantaM,2019
4,47,5,2006,dantOdantaM,2025
4,83,5,2006,dantOdantaM,2013
4,112,4,2006,dantOdantaM,2009
4,177,2,2006,dantOdantaM,2025
4,75,1,2006,dantOdantaM,2013
4,118,3,2006,dantOdantaM,2020
4,76,3,2006,dantOdantaM,2023
4,88,3,2006,dantOdantaM,2025
4,1,3,2006,dantOdantaM,2021
4,79,4,2006,dantOdantaM,2016
4,188,2,2006,dantOdantaM,2016
4,48,3,2006,dantOdantaM,2006
4,91,4,2006,dantOdantaM,2023
4,50,3,2006,dantOdantaM,2007
4,80,1,2006,dantOdantaM,2016
4,126,3,2006,dantOdantaM,2007
4,190,5,2006,dantOdantaM,2019
4,61,1,2006,dantOdantaM,2025
4,58,4,2006,dantOdantaM,2006
4,4,2,2006,dantOdantaM,2012
4,60,1,2006,dantOdantaM,2019
4,168,3,2006,dantOdantaM,2006
4,102,1,2006,dantOdantaM,2008
4,82,1,2006,dantOdantaM,2006
4,151,4,2006,dantOdantaM,2008
4,2,3,2006,dantOdantaM,2018
4,165,2,2006,dantOdantaM,2021
4,14,3,2006,dantOdantaM,2018
4,11,4,2006,dantOdantaM,2014
4,34,4,2006,dantOdantaM,2023
4,81,2,2006,dantOdantaM,2007
4,117,3,2006,dantOdantaM,2018
4,27,4,2006,dantOdantaM,2023
4,77,3,2006,dantOdantaM,2010
4,155,4,2006,dantOdantaM,2021
4,18,3,2006,dantOdantaM,2012
4,146,2,2006,dantOdantaM,2009
4,183,2,2006,dantOdantaM,2020
4,145,5,2006,dantOdantaM,2021
4,17,1,2006,dantOdantaM,2015
4,153,5,2006,dantOdantaM,2022
4,140,3,2006,dantOdantaM,2017
4,105,3,2006,dantOdantaM,2008
4,38,3,2006,dantOdantaM,2012
4,132,2,2006,dantOdantaM,2011
4,198,3,2006,dantOdantaM,2021
4,40,2,2006,dantOdantaM,2008
4,15,4,2006,dantOdantaM,2019
4,29,5,2006,dantOdantaM,2025
4,136,4,2006,dantOdantaM,2022
4,127,4,2006,dantOdantaM,2024
4,113,5,2006,dantOdantaM,2014
4,86,4,2006,dantOdantaM,2013
4,92,1,2006,dantOdantaM,2010
4,178,4,2006,dantOdantaM,2008
4,72,2,2006,dantOdantaM,2020
4,56,3,2006,dantOdantaM,2025
4,31,5,2006,dantOdantaM,2023
4,69,4,2006,dantOdantaM,2015
4,6,3,2006,dantOdantaM,2023
4,173,2,2006,dantOdantaM,2016
4,97,1,2006,dantOdantaM,2025
4,166,3,2006,dantOdantaM,2022
4,195,5,2006,dantOdantaM,2012
4,59,4,2006,dantOdantaM,2021
4,114,3,2006,dantOdantaM,2018
4,167,1,2006,dantOdantaM,2008
4,87,2,2006,dantOdantaM,2016
4,141,4,2006,dantOdantaM,2010
4,70,4,2006,dantOdantaM,2020
4,134,4,2006,dantOdantaM,2015
4,154,3,2006,dantOdantaM,2009
4,84,3,2006,dantOdantaM,2018
4,43,4,2006,dantOdantaM,2017
4,158,3,2006,dantOdantaM,2007
4,133,3,2006,dantOdantaM,2008
4,55,2,2006,dantOdantaM,2007
4,172,4,2006,dantOdantaM,2023
4,52,3,2006,dantOdantaM,2022
4,104,1,2006,dantOdantaM,2014
4,103,3,2006,dantOdantaM,2012
4,171,4,2006,dantOdantaM,2013
4,95,4,2006,dantOdantaM,2007
4,37,3,2006,dantOdantaM,2014
4,54,2,2006,dantOdantaM,2010
4,131,3,2006,dantOdantaM,2015
4,109,4,2006,dantOdantaM,2010
4,194,2,2006,dantOdantaM,2008
4,148,4,2006,dantOdantaM,2012
4,185,4,2006,dantOdantaM,2018
4,101,4,2006,dantOdantaM,2008
4,111,3,2006,dantOdantaM,2014
4,150,1,2006,dantOdantaM,2006
4,3,1,2006,dantOdantaM,2018
4,186,3,2006,dantOdantaM,2017
4,164,3,2006,dantOdantaM,2015
4,22,3,2006,dantOdantaM,2025
4,64,3,2006,dantOdantaM,2024
4,138,1,2006,dantOdantaM,2006
4,142,3,2006,dantOdantaM,2018
4,96,5,2006,dantOdantaM,2022
4,98,4,2006,dantOdantaM,2008
4,129,3,2006,dantOdantaM,2008
4,24,3,2006,dantOdantaM,2008
4,123,4,2006,dantOdantaM,2012
4,169,2,2006,dantOdantaM,2021
4,181,2,2006,dantOdantaM,2021
4,65,3,2006,dantOdantaM,2013
4,193,3,2006,dantOdantaM,2023
4,143,4,2006,dantOdantaM,2012
4,197,3,2006,dantOdantaM,2011
4,26,3,2006,dantOdantaM,2020
4,93,3,2006,dantOdantaM,2018
4,196,4,2006,dantOdantaM,2019
4,152,4,2006,dantOdantaM,2021
4,35,3,2006,dantOdantaM,2013
4,121,1,2006,dantOdantaM,2018
4,63,2,2006,dantOdantaM,2016
4,9,3,2006,dantOdantaM,2009
4,160,1,2006,dantOdantaM,2008
4,161,3,2006,dantOdantaM,2019
4,30,3,2006,dantOdantaM,2023
4,128,4,2006,dantOdantaM,2009
4,116,3,2006,dantOdantaM,2025
4,20,4,2006,dantOdantaM,2025
4,170,4,2006,dantOdantaM,2020
4,187,5,2006,dantOdantaM,2008
4,45,4,2006,dantOdantaM,2023
4,33,2,2006,dantOdantaM,2010
4,19,3,2006,dantOdantaM,2025
4,191,4,2006,dantOdantaM,2008
4,180,5,2006,dantOdantaM,2015
4,184,3,2006,dantOdantaM,2015
4,13,1,2006,dantOdantaM,2025
4,119,3,2006,dantOdantaM,2020
4,10,4,2006,dantOdantaM,2010
4,5,4,2006,dantOdantaM,2016
4,41,4,2006,dantOdantaM,2010
4,107,2,2006,dantOdantaM,2010
4,94,4,2006,dantOdantaM,2015
4,100,2,2006,dantOdantaM,2024
4,125,3,2006,dantOdantaM,2022
4,162,5,2006,dantOdantaM,2024
4,157,2,2006,dantOdantaM,2009
4,137,1,2006,dantOdantaM,2019
5,142,4,2012,dommi,2023
5,185,4,2012,dommi,2012
5,182,4,2012,dommi,2019
5,188,3,2012,dommi,2023
5,138,3,2012,dommi,2012
5,108,3,2012,dommi,2012
5,59,2,2012,dommi,2018
5,77,2,2012,dommi,2014
5,40,2,2012,dommi,2023
5,146,2,2012,dommi,2017
5,76,5,2012,dommi,2017
5,181,3,2012,dommi,2022
5,63,2,2012,dommi,2024
5,154,2,2012,dommi,2023
5,191,3,2012,dommi,2018
5,5,1,2012,dommi,2021
5,147,1,2012,dommi,2021
5,42,3,2012,dommi,2024
5,31,3,2012,dommi,2018
5,84,3,2012,dommi,2014
5,100,2,2012,dommi,2016
5,26,3,2012,dommi,2019
5,41,5,2012,dommi,2023
5,106,2,2012,dommi,2019
5,27,3,2012,dommi,2014
5,153,4,2012,dommi,2023
5,12,1,2012,dommi,2014
5,194,3,2012,dommi,2015
5,126,3,2012,dommi,2025
5,114,4,2012,dommi,2025
5,149,1,2012,dommi,2025
5,56,3,2012,dommi,2024
5,118,1,2012,dommi,2014
5,86,1,2012,dommi,2014
5,17,2,2012,dommi,2016
5,183,3,2012,dommi,2025
5,192,2,2012,dommi,2024
5,110,2,2012,dommi,2025
5,94,4,2012,dommi,2013
5,30,4,2012,dommi,2020
5,199,4,2012,dommi,2016
5,6,1,2012,dommi,2022
5,20,3,2012,dommi,2012
5,179,4,2012,dommi,2019
5,165,1,2012,dommi,2015
5,164,1,2012,dommi,2022
5,18,1,2012,dommi,2014
5,82,1,2012,dommi,2018
5,98,3,2012,dommi,2013
5,145,2,2012,dommi,2014
5,196,3,2012,dommi,2017
5,37,1,2012,dommi,2021
5,113,5,2012,dommi,2012
5,65,3,2012,dommi,2022
5,71,4,2012,dommi,2012
5,50,2,2012,dommi,2021
5,61,2,2012,dommi,2022
5,162,5,2012,dommi,2016
5,136,1,2012,dommi,2014
5,156,3,2012,dommi,2012
6,148,1,2022,galidosham,2024
6,14,4,2022,galidosham,2024
6,138,3,2022,galidosham,2022
6,112,3,2022,galidosham,2024
6,78,4,2022,galidosham,2024
6,143,3,2022,galidosham,2025
6,6,1,2022,galidosham,2024
6,27,3,2022,galidosham,2025
6,3,1,2022,galidosham,2025
6,64,5,2022,galidosham,2022
6,48,4,2022,galidosham,2023
6,76,1,2022,galidosham,2025
6,67,3,2022,galidosham,2022
6,68,3,2022,galidosham,2023
6,99,2,2022,galidosham,2025
6,47,4,2022,galidosham,2022
6,13,2,2022,galidosham,2024
6,26,3,2022,galidosham,2023
6,66,2,2022,galidosham,2023
6,59,3,2022,galidosham,2023
6,41,5,2022,galidosham,2025
6,180,1,2022,galidosham,2023
6,106,3,2022,galidosham,2023
6,65,3,2022,galidosham,2025
6,97,4,2022,galidosham,2023
6,154,4,2022,galidosham,2024
6,30,3,2022,galidosham,2023
6,75,4,2022,galidosham,2023
6,114,4,2022,galidosham,2022
6,95,3,2022,galidosham,2023
6,81,3,2022,galidosham,2023
6,146,1,2022,galidosham,2022
6,20,3,2022,galidosham,2024
6,111,1,2022,galidosham,2025
6,196,3,2022,galidosham,2024
6,102,5,2022,galidosham,2023
6,127,3,2022,galidosham,2022
6,91,1,2022,galidosham,2023
6,126,1,2022,galidosham,2024
6,151,3,2022,galidosham,2025
6,157,3,2022,galidosham,2025
6,56,4,2022,galidosham,2022
6,183,4,2022,galidosham,2024
6,5,2,2022,galidosham,2025
6,19,3,2022,galidosham,2023
6,18,3,2022,galidosham,2024
6,36,1,2022,galidosham,2022
6,43,4,2022,galidosham,2024
6,197,3,2022,galidosham,2022
6,145,4,2022,galidosham,2025
6,139,1,2022,galidosham,2024
6,31,4,2022,galidosham,2023
6,60,1,2022,galidosham,2023
6,117,3,2022,galidosham,2023
6,80,3,2022,galidosham,2025
6,34,3,2022,galidosham,2023
6,22,1,2022,galidosham,2023
6,169,1,2022,galidosham,2023
6,108,2,2022,galidosham,2023
6,1,3,2022,galidosham,2023
6,193,4,2022,galidosham,2023
6,129,4,2022,galidosham,2024
6,156,4,2022,galidosham,2023
6,85,3,2022,galidosham,2024
6,155,3,2022,galidosham,2025
6,101,5,2022,galidosham,2024
6,171,3,2022,galidosham,2025
6,71,4,2022,galidosham,2023
6,115,5,2022,galidosham,2025
6,185,4,2022,galidosham,2022
6,199,3,2022,galidosham,2022
6,94,4,2022,galidosham,2025
6,54,3,2022,galidosham,2023
6,182,3,2022,galidosham,2025
6,124,2,2022,galidosham,2025
6,23,3,2022,galidosham,2022
6,162,3,2022,galidosham,2025
6,28,5,2022,galidosham,2022
6,100,3,2022,galidosham,2022
6,187,3,2022,galidosham,2025
6,10,2,2022,galidosham,2025
6,125,3,2022,galidosham,2022
6,165,3,2022,galidosham,2024
6,163,3,2022,galidosham,2022
6,87,3,2022,galidosham,2025
6,175,4,2022,galidosham,2024
6,25,3,2022,galidosham,2023
6,134,4,2022,galidosham,2022
6,45,4,2022,galidosham,2023
6,104,3,2022,galidosham,2022
6,152,3,2022,galidosham,2023
6,195,4,2022,galidosham,2024
6,88,3,2022,galidosham,2025
6,57,2,2022,galidosham,2023
6,128,3,2022,galidosham,2024
6,74,4,2022,galidosham,2025
6,164,1,2022,galidosham,2022
6,159,4,2022,galidosham,2025
6,161,3,2022,galidosham,2022
6,12,3,2022,galidosham,2023
6,147,5,2022,galidosham,2024
6,49,3,2022,galidosham,2025
6,62,3,2022,galidosham,2025
6,179,1,2022,galidosham,2025
6,33,4,2022,galidosham,2022
6,167,1,2022,galidosham,2023
6,174,4,2022,galidosham,2024
6,98,2,2022,galidosham,2022
6,24,2,2022,galidosham,2023
6,9,1,2022,galidosham,2022
6,73,4,2022,galidosham,2022
6,93,4,2022,galidosham,2023
6,188,2,2022,galidosham,2024
6,118,3,2022,galidosham,2024
6,136,3,2022,galidosham,2022
6,58,4,2022,galidosham,2024
6,83,3,2022,galidosham,2022
6,40,3,2022,galidosham,2025
6,79,5,2022,galidosham,2023
6,132,2,2022,galidosham,2023
6,15,4,2022,galidosham,2024
6,142,4,2022,galidosham,2023
6,131,4,2022,galidosham,2022
6,29,4,2022,galidosham,2025
6,160,4,2022,galidosham,2023
6,16,4,2022,galidosham,2022
6,69,2,2022,galidosham,2022
6,96,3,2022,galidosham,2024
6,168,4,2022,galidosham,2024
6,86,3,2022,galidosham,2024
6,184,5,2022,galidosham,2023
6,110,5,2022,galidosham,2023
6,7,3,2022,galidosham,2022
6,103,4,2022,galidosham,2025
6,32,2,2022,galidosham,2022
6,17,4,2022,galidosham,2023
6,177,2,2022,galidosham,2025
6,109,2,2022,galidosham,2023
6,200,3,2022,galidosham,2024
6,121,3,2022,galidosham,2025
6,191,4,2022,galidosham,2024
6,44,1,2022,galidosham,2022
6,51,4,2022,galidosham,2023
6,50,3,2022,galidosham,2022
6,150,4,2022,galidosham,2022
6,21,3,2022,galidosham,2024
6,61,3,2022,galidosham,2025
6,77,3,2022,galidosham,2023
7,88,3,2021,illu,2024
7,23,3,2021,illu,2022
7,183,4,2021,illu,2025
7,169,5,2021,illu,2021
7,87,2,2021,illu,2022
7,170,2,2021,illu,2024
7,65,3,2021,illu,2025
7,69,4,2021,illu,2025
7,68,3,2021,illu,2022
7,63,1,2021,illu,2021
7,27,3,2021,illu,2022
7,187,1,2021,illu,2024
7,33,4,2021,illu,2024
7,197,3,2021,illu,2023
7,112,2,2021,illu,2021
7,131,1,2021,illu,2025
7,32,4,2021,illu,2025
7,4,3,2021,illu,2022
7,200,4,2021,illu,2024
7,9,4,2021,illu,2024
7,45,3,2021,illu,2023
7,136,3,2021,illu,2021
7,189,3,2021,illu,2025
7,67,4,2021,illu,2024
7,53,5,2021,illu,2021
7,57,4,2021,illu,2021
7,51,3,2021,illu,2023
7,83,1,2021,illu,2025
7,128,3,2021,illu,2023
7,72,3,2021,illu,2021
7,94,3,2021,illu,2023
7,155,4,2021,illu,2022
7,48,4,2021,illu,2023
7,15,1,2021,illu,2021
7,173,3,2021,illu,2024
7,102,4,2021,illu,2021
7,111,4,2021,illu,2021
7,38,4,2021,illu,2022
7,73,4,2021,illu,2025
7,140,3,2021,illu,2022
7,117,4,2021,illu,2025
7,137,4,2021,illu,2022
7,122,2,2021,illu,2025
7,62,4,2021,illu,2023
7,145,3,2021,illu,2024
7,194,2,2021,illu,2024
7,85,4,2021,illu,2022
7,46,5,2021,illu,2025
7,198,3,2021,illu,2021
7,191,5,2021,illu,2023
7,129,4,2021,illu,2025
7,119,4,2021,illu,2025
7,158,1,2021,illu,2024
7,196,3,2021,illu,2021
7,37,2,2021,illu,2025
7,188,4,2021,illu,2025
7,152,3,2021,illu,2023
7,130,2,2021,illu,2021
7,31,3,2021,illu,2021
7,36,2,2021,illu,2025
7,41,4,2021,illu,2024
7,80,3,2021,illu,2023
7,77,3,2021,illu,2025
7,56,3,2021,illu,2022
7,34,2,2021,illu,2025
7,11,4,2021,illu,2024
7,141,1,2021,illu,2024
7,149,1,2021,illu,2021
8,26,3,2008,kaktaliyam,2019
8,138,3,2008,kaktaliyam,2014
8,148,5,2008,kaktaliyam,2010
8,160,2,2008,kaktaliyam,2019
8,107,1,2008,kaktaliyam,2012
8,52,2,2008,kaktaliyam,2008
8,193,5,2008,kaktaliyam,2017
8,24,2,2008,kaktaliyam,2010
8,113,5,2008,kaktaliyam,2025
8,104,5,2008,kaktaliyam,2015
8,77,2,2008,kaktaliyam,2021
8,6,4,2008,kaktaliyam,2011
8,105,4,2008,kaktaliyam,2015
8,19,2,2008,kaktaliyam,2020
8,131,4,2008,kaktaliyam,2023
8,84,5,2008,kaktaliyam,2012
8,159,2,2008,kaktaliyam,2012
8,121,3,2008,kaktaliyam,2024
8,192,3,2008,kaktaliyam,2011
8,74,2,2008,kaktaliyam,2008
8,174,1,2008,kaktaliyam,2011
8,44,3,2008,kaktaliyam,2020
8,173,3,2008,kaktaliyam,2025
8,197,3,2008,kaktaliyam,2008
8,25,3,2008,kaktaliyam,2024
8,198,3,2008,kaktaliyam,2021
8,153,1,2008,kaktaliyam,2010
8,32,5,2008,kaktaliyam,2011
8,29,3,2008,kaktaliyam,2012
8,142,4,2008,kaktaliyam,2025
8,100,3,2008,kaktaliyam,2013
8,61,4,2008,kaktaliyam,2024
8,157,2,2008,kaktaliyam,2008
8,167,3,2008,kaktaliyam,2016
8,184,4,2008,kaktaliyam,2017
8,9,5,2008,kaktaliyam,2017
8,11,5,2008,kaktaliyam,2024
8,156,1,2008,kaktaliyam,2013
8,110,3,2008,kaktaliyam,2024
8,60,4,2008,kaktaliyam,2012
8,94,3,2008,kaktaliyam,2016
8,171,4,2008,kaktaliyam,2010
8,14,4,2008,kaktaliyam,2025
8,65,3,2008,kaktaliyam,2015
8,10,3,2008,kaktaliyam,2019
8,41,3,2008,kaktaliyam,2015
8,75,2,2008,kaktaliyam,2024
8,3,3,2008,kaktaliyam,2022
8,130,4,2008,kaktaliyam,2008
8,175,5,2008,kaktaliyam,2018
8,45,3,2008,kaktaliyam,2018
8,143,4,2008,kaktaliyam,2024
8,99,4,2008,kaktaliyam,2018
8,144,4,2008,kaktaliyam,2008
8,72,5,2008,kaktaliyam,2021
8,33,3,2008,kaktaliyam,2022
8,40,5,2008,kaktaliyam,2023
8,30,4,2008,kaktaliyam,2018
8,68,4,2008,kaktaliyam,2012
8,15,3,2008,kaktaliyam,2018
8,196,5,2008,kaktaliyam,2010
8,8,1,2008,kaktaliyam,2011
8,62,4,2008,kaktaliyam,2019
8,64,4,2008,kaktaliyam,2019
8,180,3,2008,kaktaliyam,2025
8,103,3,2008,kaktaliyam,2008
8,63,2,2008,kaktaliyam,2008
8,106,4,2008,kaktaliyam,2016
8,181,3,2008,kaktaliyam,2009
8,150,5,2008,kaktaliyam,2025
8,135,3,2008,kaktaliyam,2018
8,188,3,2008,kaktaliyam,2019
8,92,4,2008,kaktaliyam,2012
8,88,1,2008,kaktaliyam,2017
8,50,3,2008,kaktaliyam,2025
8,194,4,2008,kaktaliyam,2023
8,79,3,2008,kaktaliyam,2016
8,12,4,2008,kaktaliyam,2022
8,115,3,2008,kaktaliyam,2019
8,82,1,2008,kaktaliyam,2018
8,151,2,2008,kaktaliyam,2011
8,17,5,2008,kaktaliyam,2016
8,147,3,2008,kaktaliyam,2014
8,111,1,2008,kaktaliyam,2025
8,154,1,2008,kaktaliyam,2021
8,81,4,2008,kaktaliyam,2012
8,46,4,2008,kaktaliyam,2014
8,172,3,2008,kaktaliyam,2015
8,166,3,2008,kaktaliyam,2019
8,116,3,2008,kaktaliyam,2015
8,36,4,2008,kaktaliyam,2014
8,200,3,2008,kaktaliyam,2014
8,87,3,2008,kaktaliyam,2025
8,128,2,2008,kaktaliyam,2017
8,27,3,2008,kaktaliyam,2025
8,133,4,2008,kaktaliyam,2016
8,23,3,2008,kaktaliyam,2017
8,132,4,2008,kaktaliyam,2024
8,182,2,2008,kaktaliyam,2008
8,127,3,2008,kaktaliyam,2013
8,137,4,2008,kaktaliyam,2020
8,118,4,2008,kaktaliyam,2020
8,91,2,2008,kaktaliyam,2023
8,158,3,2008,kaktaliyam,2019
8,28,3,2008,kaktaliyam,2008
8,185,1,2008,kaktaliyam,2011
8,39,4,2008,kaktaliyam,2019
8,149,3,2008,kaktaliyam,2025
8,114,3,2008,kaktaliyam,2014
8,54,4,2008,kaktaliyam,2017
8,190,4,2008,kaktaliyam,2019
8,85,2,2008,kaktaliyam,2017
8,34,4,2008,kaktaliyam,2011
8,16,1,2008,kaktaliyam,2012
8,119,5,2008,kaktaliyam,2022
8,22,4,2008,kaktaliyam,2025
8,152,2,2008,kaktaliyam,2013
8,145,4,2008,kaktaliyam,2012
8,71,2,2008,kaktaliyam,2015
8,76,3,2008,kaktaliyam,2009
8,120,3,2008,kaktaliyam,2021
8,31,4,2008,kaktaliyam,2020
8,141,4,2008,kaktaliyam,2014
8,93,3,2008,kaktaliyam,2024
8,78,4,2008,kaktaliyam,2021
8,101,2,2008,kaktaliyam,2012
8,112,3,2008,kaktaliyam,2012
8,7,3,2008,kaktaliyam,2014
8,38,3,2008,kaktaliyam,2019
8,97,3,2008,kaktaliyam,2010
8,43,4,2008,kaktaliyam,2017
8,134,2,2008,kaktaliyam,2009
8,186,3,2008,kaktaliyam,2014
8,129,4,2008,kaktaliyam,2011
8,163,3,2008,kaktaliyam,2021
8,183,4,2008,kaktaliyam,2014
8,139,1,2008,kaktaliyam,2013
8,95,4,2008,kaktaliyam,2018
8,96,5,2008,kaktaliyam,2025
8,57,1,2008,kaktaliyam,2012
9,182,1,2011,kinchibhogo,2020
9,132,3,2011,kinchibhogo,2012
9,112,4,2011,kinchibhogo,2019
9,47,3,2011,kinchibhogo,2018
9,119,2,2011,kinchibhogo,2017
9,6,2,2011,kinchibhogo,2018
9,172,4,2011,kinchibhogo,2019
9,16,5,2011,kinchibhogo,2014
9,23,4,2011,kinchibhogo,2024
9,120,4,2011,kinchibhogo,2015
9,75,4,2011,kinchibhogo,2024
9,10,5,2011,kinchibhogo,2011
9,146,3,2011,kinchibhogo,2025
9,118,3,2011,kinchibhogo,2014
9,181,4,2011,kinchibhogo,2020
9,131,3,2011,kinchibhogo,2024
9,81,2,2011,kinchibhogo,2013
9,11,1,2011,kinchibhogo,2019
9,103,2,2011,kinchibhogo,2014
9,83,3,2011,kinchibhogo,2013
9,37,1,2011,kinchibhogo,2012
9,188,3,2011,kinchibhogo,2024
9,13,4,2011,kinchibhogo,2011
9,55,4,2011,kinchibhogo,2011
9,65,3,2011,kinchibhogo,2019
9,82,5,2011,kinchibhogo,2011
9,79,3,2011,kinchibhogo,2024
9,27,4,2011,kinchibhogo,2025
9,62,3,2011,kinchibhogo,2015
9,28,2,2011,kinchibhogo,2017
9,86,2,2011,kinchibhogo,2025
9,67,1,2011,kinchibhogo,2014
9,53,4,2011,kinchibhogo,2018
9,98,4,2011,kinchibhogo,2015
9,127,3,2011,kinchibhogo,2019
9,88,2,2011,kinchibhogo,2014
9,59,1,2011,kinchibhogo,2023
9,128,1,2011,kinchibhogo,2021
9,195,4,2011,kinchibhogo,2023
9,143,2,2011,kinchibhogo,2024
9,197,3,2011,kinchibhogo,2023
9,135,3,2011,kinchibhogo,2012
9,91,4,2011,kinchibhogo,2012
9,152,3,2011,kinchibhogo,2019
9,31,3,2011,kinchibhogo,2016
9,93,3,2011,kinchibhogo,2013
9,130,3,2011,kinchibhogo,2014
9,5,4,2011,kinchibhogo,2025
9,153,5,2011,kinchibhogo,2024
9,122,2,2011,kinchibhogo,2017
9,137,3,2011,kinchibhogo,2017
9,25,3,2011,kinchibhogo,2018
9,185,2,2011,kinchibhogo,2012
9,70,4,2011,kinchibhogo,2019
9,39,3,2011,kinchibhogo,2012
9,87,3,2011,kinchibhogo,2012
9,43,3,2011,kinchibhogo,2018
9,117,1,2011,kinchibhogo,2022
9,123,3,2011,kinchibhogo,2021
9,173,1,2011,kinchibhogo,2024
9,2,2,2011,kinchibhogo,2019
9,110,3,2011,kinchibhogo,2021
9,200,4,2011,kinchibhogo,2022
9,54,5,2011,kinchibhogo,2017
9,170,2,2011,kinchibhogo,2013
9,63,3,2011,kinchibhogo,2019
9,193,4,2011,kinchibhogo,2013
9,89,3,2011,kinchibhogo,2017
9,76,4,2011,kinchibhogo,2015
9,169,4,2011,kinchibhogo,2017
9,15,4,2011,kinchibhogo,2019
9,32,2,2011,kinchibhogo,2013
9,46,4,2011,kinchibhogo,2022
9,129,4,2011,kinchibhogo,2022
9,92,1,2011,kinchibhogo,2020
9,4,3,2011,kinchibhogo,2020
9,105,4,2011,kinchibhogo,2021
9,165,4,2011,kinchibhogo,2014
10,200,4,2013,mahayanam,2023
10,117,2,2013,mahayanam,2024
10,125,3,2013,mahayanam,2019
10,196,3,2013,mahayanam,2013
10,45,4,2013,mahayanam,2018
10,116,3,2013,mahayanam,2019
10,3,4,2013,mahayanam,2024
10,94,5,2013,mahayanam,2020
10,81,1,2013,mahayanam,2018
10,49,5,2013,mahayanam,2016
10,89,4,2013,mahayanam,2013
10,71,2,2013,mahayanam,2025
10,24,4,2013,mahayanam,2019
10,174,2,2013,mahayanam,2015
10,13,4,2013,mahayanam,2017
10,74,3,2013,mahayanam,2019
10,180,3,2013,mahayanam,2025
10,35,1,2013,mahayanam,2020
10,182,3,2013,mahayanam,2014
10,107,3,2013,mahayanam,2021
10,46,4,2013,mahayanam,2021
10,75,3,2013,mahayanam,2021
10,147,3,2013,mahayanam,2013
10,144,2,2013,mahayanam,2014
10,162,3,2013,mahayanam,2023
10,118,3,2013,mahayanam,2019
10,54,3,2013,mahayanam,2013
10,19,1,2013,mahayanam,2021
10,28,3,2013,mahayanam,2017
10,126,2,2013,mahayanam,2016
10,41,3,2013,mahayanam,2013
10,166,4,2013,mahayanam,2016
10,61,1,2013,mahayanam,2018
10,80,4,2013,mahayanam,2024
10,59,3,2013,mahayanam,2019
10,150,3,2013,mahayanam,2023
10,18,3,2013,mahayanam,2020
10,172,3,2013,mahayanam,2025
10,168,1,2013,mahayanam,2024
10,197,2,2013,mahayanam,2016
10,148,2,2013,mahayanam,2023
10,123,3,2013,mahayanam,2019
10,90,4,2013,mahayanam,2020
10,134,3,2013,mahayanam,2020
10,136,4,2013,mahayanam,2018
10,163,4,2013,mahayanam,2023
10,108,1,2013,mahayanam,2023
10,38,4,2013,mahayanam,2016
10,155,4,2013,mahayanam,2013
10,27,3,2013,mahayanam,2024
10,76,3,2013,mahayanam,2025
10,43,4,2013,mahayanam,2019
10,194,4,2013,mahayanam,2018
10,158,3,2013,mahayanam,2016
10,177,4,2013,mahayanam,2018
10,167,2,2013,mahayanam,2018
10,69,4,2013,mahayanam,2013
10,32,1,2013,mahayanam,2016
10,106,3,2013,mahayanam,2024
10,186,5,2013,mahayanam,2024
10,133,4,2013,mahayanam,2021
10,22,3,2013,mahayanam,2018
10,195,3,2013,mahayanam,2021
10,127,2,2013,mahayanam,2025
10,77,1,2013,mahayanam,2020
10,60,3,2013,mahayanam,2013
10,48,3,2013,mahayanam,2016
10,101,5,2013,mahayanam,2015
10,198,2,2013,mahayanam,2021
10,63,5,2013,mahayanam,2018
10,37,3,2013,mahayanam,2018
10,26,3,2013,mahayanam,2025
10,98,1,2013,mahayanam,2017
10,131,4,2013,mahayanam,2022
10,58,1,2013,mahayanam,2020
10,124,2,2013,mahayanam,2024
10,179,5,2013,mahayanam,2021
10,10,3,2013,mahayanam,2024
10,187,1,2013,mahayanam,2024
10,151,2,2013,mahayanam,2024
10,8,4,2013,mahayanam,2016
10,56,5,2013,mahayanam,2014
10,70,4,2013,mahayanam,2015
10,68,1,2013,mahayanam,2020
10,130,2,2013,mahayanam,2016
10,92,2,2013,mahayanam,2019
10,34,1,2013,mahayanam,2025
10,154,1,2013,mahayanam,2023
10,175,4,2013,mahayanam,2023
10,42,2,2013,mahayanam,2019
10,176,3,2013,mahayanam,2013
10,31,4,2013,mahayanam,2021
10,183,4,2013,mahayanam,2015
10,44,5,2013,mahayanam,2014
10,29,4,2013,mahayanam,2019
10,157,4,2013,mahayanam,2014
11,183,3,2024,mantrapu,2024
11,173,3,2024,mantrapu,2024
11,71,3,2024,mantrapu,2024
11,67,2,2024,mantrapu,2024
11,22,4,2024,mantrapu,2025
11,157,1,2024,mantrapu,2025
11,164,3,2024,mantrapu,2024
11,54,5,2024,mantrapu,2025
11,2,4,2024,mantrapu,2024
11,185,4,2024,mantrapu,2024
11,166,3,2024,mantrapu,2025
11,137,3,2024,mantrapu,2025
11,168,1,2024,mantrapu,2024
11,135,2,2024,mantrapu,2025
11,181,4,2024,mantrapu,2025
11,50,3,2024,mantrapu,2025
11,132,3,2024,mantrapu,2025
11,191,4,2024,mantrapu,2024
11,66,4,2024,mantrapu,2024
11,189,4,2024,mantrapu,2025
11,14,3,2024,mantrapu,2025
11,131,4,2024,mantrapu,2024
11,158,3,2024,mantrapu,2025
11,28,4,2024,mantrapu,2024
11,103,3,2024,mantrapu,2024
11,118,4,2024,mantrapu,2025
11,190,4,2024,mantrapu,2025
11,82,2,2024,mantrapu,2024
11,151,2,2024,mantrapu,2025
11,172,3,2024,mantrapu,2024
11,64,3,2024,mantrapu,2024
11,165,4,2024,mantrapu,2025
11,138,5,2024,mantrapu,2024
11,26,3,2024,mantrapu,2025
11,97,2,2024,mantrapu,2024
11,159,4,2024,mantrapu,2024
11,197,4,2024,mantrapu,2025
11,199,3,2024,mantrapu,2024
11,35,1,2024,mantrapu,2024
11,125,3,2024,mantrapu,2025
11,19,2,2024,mantrapu,2024
11,198,3,2024,mantrapu,2024
11,42,3,2024,mantrapu,2024
11,174,4,2024,mantrapu,2024
11,75,3,2024,mantrapu,2024
11,16,4,2024,mantrapu,2024
11,176,1,2024,mantrapu,2024
11,58,3,2024,mantrapu,2025
11,122,3,2024,mantrapu,2025
11,83,3,2024,mantrapu,2025
11,59,1,2024,mantrapu,2024
11,94,4,2024,mantrapu,2024
11,93,5,2024,mantrapu,2025
11,110,5,2024,mantrapu,2024
11,146,2,2024,mantrapu,2024
11,160,5,2024,mantrapu,2024
11,79,3,2024,mantrapu,2024
11,23,2,2024,mantrapu,2024
11,34,4,2024,mantrapu,2024
11,87,3,2024,mantrapu,2024
11,13,3,2024,mantrapu,2024
11,178,2,2024,mantrapu,2025
11,193,4,2024,mantrapu,2024
11,200,3,2024,mantrapu,2024
11,78,4,2024,mantrapu,2025
11,69,3,2024,mantrapu,2024
11,150,3,2024,mantrapu,2025
11,148,4,2024,mantrapu,2025
11,70,2,2024,mantrapu,2025
11,4,3,2024,mantrapu,2024
11,195,4,2024,mantrapu,2024
11,102,2,2024,mantrapu,2024
11,175,3,2024,mantrapu,2024
11,111,4,2024,mantrapu,2024
11,18,1,2024,mantrapu,2024
11,130,2,2024,mantrapu,2024
11,147,3,2024,mantrapu,2024
11,25,3,2024,mantrapu,2024
11,177,4,2024,mantrapu,2025
11,171,3,2024,mantrapu,2024
11,38,5,2024,mantrapu,2025
11,92,2,2024,mantrapu,2024
11,112,2,2024,mantrapu,2025
11,31,3,2024,mantrapu,2025
11,120,4,2024,mantrapu,2024
11,33,2,2024,mantrapu,2024
11,11,4,2024,mantrapu,2025
11,196,3,2024,mantrapu,2024
11,182,4,2024,mantrapu,2025
11,99,3,2024,mantrapu,2025
11,44,5,2024,mantrapu,2024
11,96,5,2024,mantrapu,2025
11,29,5,2024,mantrapu,2024
11,32,2,2024,mantrapu,2025
11,115,3,2024,mantrapu,2024
11,119,3,2024,mantrapu,2025
11,192,3,2024,mantrapu,2024
11,43,5,2024,mantrapu,2024
11,21,3,2024,mantrapu,2025
11,194,4,2024,mantrapu,2024
11,179,3,2024,mantrapu,2024
11,76,3,2024,mantrapu,2024
11,89,4,2024,mantrapu,2025
11,39,3,2024,mantrapu,2024
11,142,2,2024,mantrapu,2025
11,109,2,2024,mantrapu,2025
11,15,3,2024,mantrapu,2024
11,98,2,2024,mantrapu,2024
11,20,4,2024,mantrapu,2024
11,57,5,2024,mantrapu,2025
11,1,4,2024,mantrapu,2024
11,126,4,2024,mantrapu,2025
11,144,3,2024,mantrapu,2025
11,3,2,2024,mantrapu,2025
11,48,2,2024,mantrapu,2025
11,107,4,2024,mantrapu,2025
11,5,2,2024,mantrapu,2024
11,80,4,2024,mantrapu,2024
11,155,3,2024,mantrapu,2024
11,116,3,2024,mantrapu,2025
11,77,2,2024,mantrapu,2025
11,95,4,2024,mantrapu,2025
11,55,4,2024,mantrapu,2024
11,170,2,2024,mantrapu,2024
11,124,3,2024,mantrapu,2024
11,114,3,2024,mantrapu,2025
11,62,2,2024,mantrapu,2025
11,145,5,2024,mantrapu,2024
11,72,4,2024,mantrapu,2025
11,169,3,2024,mantrapu,2024
11,36,3,2024,mantrapu,2024
11,45,4,2024,mantrapu,2025
11,84,3,2024,mantrapu,2024
11,180,2,2024,mantrapu,2024
11,74,4,2024,mantrapu,2025
11,37,3,2024,mantrapu,2024
11,186,2,2024,mantrapu,2025
11,127,5,2024,mantrapu,2025
11,108,3,2024,mantrapu,2024
11,133,4,2024,mantrapu,2025
11,106,3,2024,mantrapu,2025
11,27,4,2024,mantrapu,2024
11,100,4,2024,mantrapu,2025
11,154,2,2024,mantrapu,2024
11,68,3,2024,mantrapu,2025
11,136,2,2024,mantrapu,2024
11,63,4,2024,mantrapu,2024
11,9,4,2024,mantrapu,2024
11,123,1,2024,mantrapu,2024
11,91,4,2024,mantrapu,2025
11,143,2,2024,mantrapu,2024
11,60,4,2024,mantrapu,2025
11,141,4,2024,mantrapu,2024
12,115,4,2012,pantikinda,2023
12,150,3,2012,pantikinda,2019
12,90,1,2012,pantikinda,2024
12,164,3,2012,pantikinda,2018
12,11,1,2012,pantikinda,2025
12,129,4,2012,pantikinda,2023
12,96,3,2012,pantikinda,2012
12,141,3,2012,pantikinda,2013
12,28,3,2012,pantikinda,2023
12,124,3,2012,pantikinda,2025
12,100,2,2012,pantikinda,2022
12,14,4,2012,pantikinda,2021
12,196,1,2012,pantikinda,2020
12,61,3,2012,pantikinda,2021
12,17,3,2012,pantikinda,2025
12,94,5,2012,pantikinda,2019
12,177,4,2012,pantikinda,2024
12,58,4,2012,pantikinda,2015
12,26,5,2012,pantikinda,2017
12,119,3,2012,pantikinda,2018
12,189,3,2012,pantikinda,2022
12,114,1,2012,pantikinda,2019
12,158,1,2012,pantikinda,2023
12,32,4,2012,pantikinda,2016
12,121,3,2012,pantikinda,2025
12,195,3,2012,pantikinda,2017
12,15,4,2012,pantikinda,2018
12,49,4,2012,pantikinda,2021
12,142,3,2012,pantikinda,2020
12,53,3,2012,pantikinda,2013
12,70,3,2012,pantikinda,2024
12,39,2,2012,pantikinda,2018
12,69,3,2012,pantikinda,2021
12,128,5,2012,pantikinda,2017
12,143,2,2012,pantikinda,2021
12,133,2,2012,pantikinda,2021
12,176,5,2012,pantikinda,2021
12,25,4,2012,pantikinda,2012
12,52,3,2012,pantikinda,2017
12,34,3,2012,pantikinda,2016
12,123,4,2012,pantikinda,2023
12,170,2,2012,pantikinda,2014
12,68,3,2012,pantikinda,2013
12,186,3,2012,pantikinda,2014
12,178,1,2012,pantikinda,2014
12,185,2,2012,pantikinda,2018
12,102,1,2012,pantikinda,2021
12,40,4,2012,pantikinda,2017
12,190,4,2012,pantikinda,2024
12,179,3,2012,pantikinda,2024
12,187,3,2012,pantikinda,2012
12,50,4,2012,pantikinda,2019
12,125,3,2012,pantikinda,2015
12,99,3,2012,pantikinda,2019
12,108,2,2012,pantikinda,2017
12,81,4,2012,pantikinda,2018
12,74,3,2012,pantikinda,2022
12,138,1,2012,pantikinda,2016
12,156,3,2012,pantikinda,2017
12,76,4,2012,pantikinda,2012
12,146,4,2012,pantikinda,2021
12,82,3,2012,pantikinda,2019
12,23,4,2012,pantikinda,2023
12,169,5,2012,pantikinda,2023
12,73,4,2012,pantikinda,2013
12,183,3,2012,pantikinda,2024
12,137,4,2012,pantikinda,2018
12,71,4,2012,pantikinda,2013
12,200,4,2012,pantikinda,2017
12,88,4,2012,pantikinda,2019
12,168,1,2012,pantikinda,2023
12,112,3,2012,pantikinda,2017
12,175,5,2012,pantikinda,2014
12,79,4,2012,pantikinda,2020
12,181,3,2012,pantikinda,2025
12,155,1,2012,pantikinda,2024
12,66,4,2012,pantikinda,2018
12,91,5,2012,pantikinda,2024
12,160,3,2012,pantikinda,2013
12,87,3,2012,pantikinda,2017
12,86,3,2012,pantikinda,2014
12,147,3,2012,pantikinda,2021
12,5,3,2012,pantikinda,2019
12,12,5,2012,pantikinda,2021
12,148,4,2012,pantikinda,2023
12,116,4,2012,pantikinda,2024
12,110,3,2012,pantikinda,2018
12,144,3,2012,pantikinda,2013
12,3,4,2012,pantikinda,2025
12,172,2,2012,pantikinda,2024
12,163,4,2012,pantikinda,2019
12,48,5,2012,pantikinda,2018
12,43,3,2012,pantikinda,2016
12,20,3,2012,pantikinda,2025
12,24,3,2012,pantikinda,2012
12,85,3,2012,pantikinda,2021
12,55,4,2012,pantikinda,2025
12,45,3,2012,pantikinda,2022
12,161,5,2012,pantikinda,2017
12,132,4,2012,pantikinda,2018
12,130,3,2012,pantikinda,2022
12,27,5,2012,pantikinda,2015
12,118,5,2012,pantikinda,2016
12,2,3,2012,pantikinda,2021
12,135,4,2012,pantikinda,2012
12,59,3,2012,pantikinda,2013
12,101,5,2012,pantikinda,2018
12,154,3,2012,pantikinda,2014
12,6,3,2012,pantikinda,2018
12,21,3,2012,pantikinda,2021
12,182,3,2012,pantikinda,2015
12,65,3,2012,pantikinda,2021
12,192,3,2012,pantikinda,2023
12,105,3,2012,pantikinda,2024
12,44,3,2012,pantikinda,2020
12,194,1,2012,pantikinda,2015
12,37,4,2012,pantikinda,2019
12,36,3,2012,pantikinda,2015
12,120,3,2012,pantikinda,2013
12,1,3,2012,pantikinda,2013
12,10,3,2012,pantikinda,2016
12,151,5,2012,pantikinda,2015
12,171,2,2012,pantikinda,2016
12,97,2,2012,pantikinda,2013
12,191,2,2012,pantikinda,2013
12,62,3,2012,pantikinda,2012
12,13,4,2012,pantikinda,2017
12,98,3,2012,pantikinda,2013
12,193,3,2012,pantikinda,2021
12,42,4,2012,pantikinda,2025
12,19,3,2012,pantikinda,2021
12,198,1,2012,pantikinda,2014
12,18,3,2012,pantikinda,2019
12,22,1,2012,pantikinda,2020
12,126,4,2012,pantikinda,2022
12,188,3,2012,pantikinda,2022
12,173,3,2012,pantikinda,2012
12,159,4,2012,pantikinda,2014
12,84,4,2012,pantikinda,2013
12,63,3,2012,pantikinda,2018
12,57,4,2012,pantikinda,2019
12,184,2,2012,pantikinda,2015
12,109,3,2012,pantikinda,2015
12,72,3,2012,pantikinda,2013
12,8,4,2012,pantikinda,2024
12,165,4,2012,pantikinda,2015
12,47,4,2012,pantikinda,2016
12,29,1,2012,pantikinda,2024
12,38,4,2012,pantikinda,2012
12,95,4,2012,pantikinda,2020
12,162,1,2012,pantikinda,2022
12,75,3,2012,pantikinda,2018
13,41,2,2021,manchi snehithulu,2022
13,171,4,2021,manchi snehithulu,2022
13,100,2,2021,manchi snehithulu,2023
13,189,2,2021,manchi snehithulu,2024
13,121,4,2021,manchi snehithulu,2024
13,101,2,2021,manchi snehithulu,2023
13,56,5,2021,manchi snehithulu,2021
13,52,3,2021,manchi snehithulu,2022
13,177,4,2021,manchi snehithulu,2024
13,184,5,2021,manchi snehithulu,2021
13,161,4,2021,manchi snehithulu,2021
13,64,3,2021,manchi snehithulu,2024
13,187,4,2021,manchi snehithulu,2022
13,193,4,2021,manchi snehithulu,2022
13,15,4,2021,manchi snehithulu,2025
13,116,3,2021,manchi snehithulu,2024
13,180,5,2021,manchi snehithulu,2023
13,45,4,2021,manchi snehithulu,2024
13,112,4,2021,manchi snehithulu,2021
13,120,4,2021,manchi snehithulu,2021
13,29,4,2021,manchi snehithulu,2023
13,53,3,2021,manchi snehithulu,2021
13,196,3,2021,manchi snehithulu,2023
13,27,2,2021,manchi snehithulu,2021
13,12,5,2021,manchi snehithulu,2025
13,75,1,2021,manchi snehithulu,2021
13,86,1,2021,manchi snehithulu,2021
13,191,3,2021,manchi snehithulu,2024
13,13,3,2021,manchi snehithulu,2023
13,98,4,2021,manchi snehithulu,2024
13,192,4,2021,manchi snehithulu,2023
13,55,4,2021,manchi snehithulu,2025
13,158,5,2021,manchi snehithulu,2023
13,157,4,2021,manchi snehithulu,2024
13,93,4,2021,manchi snehithulu,2022
13,94,5,2021,manchi snehithulu,2021
13,153,2,2021,manchi snehithulu,2023
13,162,3,2021,manchi snehithulu,2022
13,132,4,2021,manchi snehithulu,2023
13,43,5,2021,manchi snehithulu,2024
13,117,2,2021,manchi snehithulu,2022
13,186,4,2021,manchi snehithulu,2025
13,125,4,2021,manchi snehithulu,2025
13,32,3,2021,manchi snehithulu,2024
13,119,2,2021,manchi snehithulu,2021
13,51,4,2021,manchi snehithulu,2023
13,127,4,2021,manchi snehithulu,2022
13,30,3,2021,manchi snehithulu,2021
13,49,4,2021,manchi snehithulu,2021
13,111,2,2021,manchi snehithulu,2022
13,151,3,2021,manchi snehithulu,2023
13,146,3,2021,manchi snehithulu,2023
13,63,1,2021,manchi snehithulu,2022
13,164,3,2021,manchi snehithulu,2025
13,7,2,2021,manchi snehithulu,2022
13,3,4,2021,manchi snehithulu,2025
13,168,5,2021,manchi snehithulu,2025
13,77,2,2021,manchi snehithulu,2025
13,185,4,2021,manchi snehithulu,2021
13,36,3,2021,manchi snehithulu,2021
13,10,3,2021,manchi snehithulu,2022
13,21,3,2021,manchi snehithulu,2024
13,68,2,2021,manchi snehithulu,2022
13,78,3,2021,manchi snehithulu,2022
13,199,4,2021,manchi snehithulu,2025
13,136,4,2021,manchi snehithulu,2025
13,8,4,2021,manchi snehithulu,2023
13,188,4,2021,manchi snehithulu,2022
13,160,2,2021,manchi snehithulu,2023
13,143,3,2021,manchi snehithulu,2024
13,17,2,2021,manchi snehithulu,2023
13,19,2,2021,manchi snehithulu,2021
13,104,1,2021,manchi snehithulu,2024
13,6,4,2021,manchi snehithulu,2023
13,9,4,2021,manchi snehithulu,2024
13,123,2,2021,manchi snehithulu,2021
13,76,3,2021,manchi snehithulu,2021
13,24,1,2021,manchi snehithulu,2021
13,106,4,2021,manchi snehithulu,2022
13,183,3,2021,manchi snehithulu,2022
13,178,4,2021,manchi snehithulu,2023
13,167,1,2021,manchi snehithulu,2021
13,200,2,2021,manchi snehithulu,2023
13,113,1,2021,manchi snehithulu,2022
13,71,2,2021,manchi snehithulu,2023
13,66,4,2021,manchi snehithulu,2022
13,152,2,2021,manchi snehithulu,2023
13,135,5,2021,manchi snehithulu,2024
13,139,2,2021,manchi snehithulu,2022
13,176,4,2021,manchi snehithulu,2021
13,73,2,2021,manchi snehithulu,2025
13,147,4,2021,manchi snehithulu,2024
13,166,5,2021,manchi snehithulu,2025
13,140,3,2021,manchi snehithulu,2023
13,122,1,2021,manchi snehithulu,2022
13,105,3,2021,manchi snehithulu,2025
13,65,3,2021,manchi snehithulu,2021
13,148,5,2021,manchi snehithulu,2025
13,39,3,2021,manchi snehithulu,2025
13,72,5,2021,manchi snehithulu,2023
13,159,5,2021,manchi snehithulu,2024
13,165,4,2021,manchi snehithulu,2023
13,14,2,2021,manchi snehithulu,2024
13,34,3,2021,manchi snehithulu,2021
13,144,3,2021,manchi snehithulu,2025
13,142,5,2021,manchi snehithulu,2023
13,23,3,2021,manchi snehithulu,2023
13,88,1,2021,manchi snehithulu,2023
13,97,4,2021,manchi snehithulu,2022
13,79,2,2021,manchi snehithulu,2024
13,154,3,2021,manchi snehithulu,2022
13,4,4,2021,manchi snehithulu,2022
13,50,4,2021,manchi snehithulu,2022
13,198,1,2021,manchi snehithulu,2023
13,35,3,2021,manchi snehithulu,2021
13,137,1,2021,manchi snehithulu,2021
13,33,4,2021,manchi snehithulu,2024
13,20,1,2021,manchi snehithulu,2025
13,124,2,2021,manchi snehithulu,2023
13,2,1,2021,manchi snehithulu,2022
13,83,4,2021,manchi snehithulu,2025
13,133,3,2021,manchi snehithulu,2022
13,131,4,2021,manchi snehithulu,2023
13,129,3,2021,manchi snehithulu,2022
13,54,3,2021,manchi snehithulu,2021
13,61,3,2021,manchi snehithulu,2024
13,44,3,2021,manchi snehithulu,2024
13,31,1,2021,manchi snehithulu,2023
13,109,4,2021,manchi snehithulu,2023
13,28,4,2021,manchi snehithulu,2023
13,138,4,2021,manchi snehithulu,2023
13,46,2,2021,manchi snehithulu,2022
13,81,1,2021,manchi snehithulu,2024
13,194,1,2021,manchi snehithulu,2022
14,50,3,2021,svarajyam,2025
14,13,4,2021,svarajyam,2023
14,53,3,2021,svarajyam,2025
14,165,2,2021,svarajyam,2021
14,84,4,2021,svarajyam,2022
14,89,5,2021,svarajyam,2023
14,30,2,2021,svarajyam,2021
14,26,5,2021,svarajyam,2021
14,164,2,2021,svarajyam,2025
14,75,3,2021,svarajyam,2023
14,78,2,2021,svarajyam,2022
14,119,4,2021,svarajyam,2024
14,174,2,2021,svarajyam,2022
14,196,1,2021,svarajyam,2024
14,141,5,2021,svarajyam,2022
14,67,4,2021,svarajyam,2023
14,144,2,2021,svarajyam,2024
14,42,2,2021,svarajyam,2022
14,61,3,2021,svarajyam,2025
14,25,2,2021,svarajyam,2023
14,170,3,2021,svarajyam,2021
14,35,4,2021,svarajyam,2024
14,22,4,2021,svarajyam,2022
14,133,3,2021,svarajyam,2021
14,153,3,2021,svarajyam,2025
14,177,5,2021,svarajyam,2021
14,21,3,2021,svarajyam,2024
14,82,3,2021,svarajyam,2021
14,137,2,2021,svarajyam,2023
14,130,3,2021,svarajyam,2024
14,64,2,2021,svarajyam,2025
14,199,4,2021,svarajyam,2024
14,8,3,2021,svarajyam,2022
14,5,1,2021,svarajyam,2023
14,183,4,2021,svarajyam,2025
14,129,3,2021,svarajyam,2025
14,115,4,2021,svarajyam,2023
14,12,4,2021,svarajyam,2023
14,51,3,2021,svarajyam,2024
14,109,2,2021,svarajyam,2021
14,41,4,2021,svarajyam,2022
14,77,3,2021,svarajyam,2022
14,175,4,2021,svarajyam,2021
14,102,4,2021,svarajyam,2024
14,93,4,2021,svarajyam,2022
14,169,4,2021,svarajyam,2024
14,176,5,2021,svarajyam,2025
14,150,5,2021,svarajyam,2021
14,140,1,2021,svarajyam,2022
14,91,3,2021,svarajyam,2021
14,63,3,2021,svarajyam,2025
14,38,3,2021,svarajyam,2025
14,98,4,2021,svarajyam,2023
14,14,4,2021,svarajyam,2023
14,45,3,2021,svarajyam,2021
14,106,3,2021,svarajyam,2023
14,80,4,2021,svarajyam,2022
14,88,4,2021,svarajyam,2022
14,124,4,2021,svarajyam,2021
14,157,2,2021,svarajyam,2025
14,149,3,2021,svarajyam,2024
14,147,3,2021,svarajyam,2023
14,104,4,2021,svarajyam,2025
14,6,3,2021,svarajyam,2023
14,143,4,2021,svarajyam,2023
14,197,1,2021,svarajyam,2022
14,70,3,2021,svarajyam,2021
14,23,2,2021,svarajyam,2024
14,148,5,2021,svarajyam,2022
14,136,2,2021,svarajyam,2025
14,27,3,2021,svarajyam,2021
14,182,3,2021,svarajyam,2025
14,180,4,2021,svarajyam,2025
14,193,4,2021,svarajyam,2024
14,74,4,2021,svarajyam,2023
14,194,2,2021,svarajyam,2022
14,156,1,2021,svarajyam,2024
14,128,4,2021,svarajyam,2025
14,97,3,2021,svarajyam,2021
14,40,5,2021,svarajyam,2022
14,145,4,2021,svarajyam,2025
14,139,2,2021,svarajyam,2024
14,19,3,2021,svarajyam,2021
14,103,3,2021,svarajyam,2022
14,47,3,2021,svarajyam,2022
14,72,3,2021,svarajyam,2022
14,44,1,2021,svarajyam,2024
14,151,4,2021,svarajyam,2024
14,171,4,2021,svarajyam,2021
14,166,3,2021,svarajyam,2023
14,58,3,2021,svarajyam,2021
14,146,2,2021,svarajyam,2024
14,185,4,2021,svarajyam,2025
14,117,3,2021,svarajyam,2025
14,162,3,2021,svarajyam,2021
14,168,5,2021,svarajyam,2021
14,99,5,2021,svarajyam,2024
14,160,4,2021,svarajyam,2024
14,39,2,2021,svarajyam,2021
14,7,4,2021,svarajyam,2023
14,191,3,2021,svarajyam,2023
14,57,5,2021,svarajyam,2025
14,36,1,2021,svarajyam,2025
14,33,2,2021,svarajyam,2021
14,11,3,2021,svarajyam,2022
14,195,3,2021,svarajyam,2023
14,54,3,2021,svarajyam,2025
14,120,3,2021,svarajyam,2025
14,69,5,2021,svarajyam,2021
14,173,3,2021,svarajyam,2024
14,125,3,2021,svarajyam,2021
14,28,3,2021,svarajyam,2021
14,192,2,2021,svarajyam,2021
14,34,3,2021,svarajyam,2022
14,16,4,2021,svarajyam,2022
14,181,5,2021,svarajyam,2022
14,56,3,2021,svarajyam,2023
14,107,4,2021,svarajyam,2022
14,132,2,2021,svarajyam,2024
14,189,2,2021,svarajyam,2025
14,114,1,2021,svarajyam,2024
14,79,2,2021,svarajyam,2023
14,172,3,2021,svarajyam,2022
14,1,3,2021,svarajyam,2024
14,62,4,2021,svarajyam,2022
14,179,4,2021,svarajyam,2023
14,188,5,2021,svarajyam,2024
14,60,1,2021,svarajyam,2023
14,17,4,2021,svarajyam,2022
14,43,2,2021,svarajyam,2025
14,142,4,2021,svarajyam,2023
14,121,4,2021,svarajyam,2024
14,131,3,2021,svarajyam,2025
14,49,4,2021,svarajyam,2021
14,122,4,2021,svarajyam,2022
14,55,3,2021,svarajyam,2025
14,4,3,2021,svarajyam,2024
14,29,3,2021,svarajyam,2022
14,112,4,2021,svarajyam,2023
14,90,3,2021,svarajyam,2022
14,87,2,2021,svarajyam,2022
14,66,2,2021,svarajyam,2021
14,163,1,2021,svarajyam,2025
14,126,2,2021,svarajyam,2025
14,100,2,2021,svarajyam,2024
14,24,3,2021,svarajyam,2023
14,108,3,2021,svarajyam,2025
14,68,3,2021,svarajyam,2023
14,186,5,2021,svarajyam,2022
14,96,3,2021,svarajyam,2022
14,155,2,2021,svarajyam,2024
14,111,4,2021,svarajyam,2022
14,138,3,2021,svarajyam,2023
14,116,3,2021,svarajyam,2025
14,81,2,2021,svarajyam,2024
14,65,3,2021,svarajyam,2023
14,190,4,2021,svarajyam,2022
14,161,4,2021,svarajyam,2022
14,20,2,2021,svarajyam,2022
14,94,4,2021,svarajyam,2024
14,154,3,2021,svarajyam,2023
14,18,3,2021,svarajyam,2021
14,123,1,2021,svarajyam,2025
14,86,1,2021,svarajyam,2025
14,152,3,2021,svarajyam,2024
14,118,4,2021,svarajyam,2023
14,71,4,2021,svarajyam,2023
14,184,5,2021,svarajyam,2024
14,37,5,2021,svarajyam,2023
14,3,4,2021,svarajyam,2024
14,178,5,2021,svarajyam,2024
14,158,4,2021,svarajyam,2024
